{
   "get_gpsl" : {
      "mode_NO" : 1,
      "descp" : "get the PSL file of genes based on GTF file",
      "_group" : "GeneAnno",
      "_comments" : "get the PSL file of genes based on GTF file",
      "module" : "BioFuse::BioInfo::GeneAnno::GTFtoGenePSL",
      "main_func" : "GTFtoGenePSL"
   },
   "get_tpsl" : {
      "mode_NO" : 2,
      "descp" : "get the PSL file of transcripts based on GTF file",
      "_group" : "GeneAnno",
      "_comments" : "get the PSL file of transcripts based on GTF file",
      "module" : "BioFuse::BioInfo::GeneAnno::GTFtoTransPSL",
      "main_func" : "GTFtoTransPSL"
   },
   "psl_seq" : {
      "mode_NO" : 3,
      "descp" : "get the FASTA file of transcripts (tpsl) or genes (gpsl)",
      "_group" : "GeneAnno",
      "_comments" : "get the FASTA file of transcripts (tpsl) or genes (gpsl)",
      "module" : "BioFuse::BioInfo::GeneAnno::PSLtoFASTA",
      "main_func" : "PSLtoFASTA"
   },
   "get_nonN" : {
      "mode_NO" : 4,
      "descp" : "get non-N region from FASTA file",
      "_group" : "FASTA",
      "_comments" : "get non-N region from FASTA file, e.g., human genome",
      "module" : "BioFuse::BioInfo::FASTA::GetNonNBed",
      "main_func" : "GetNonNBedfromFasta"
   },
   "pslToBed" : {
      "mode_NO" : 5,
      "descp" : "get BED of genetic regions from PSL annotation",
      "_group" : "GeneAnno",
      "_comments" : "get BED of genetic regions from PSL annotation, such CDS, UTR",
      "module" : "BioFuse::BioInfo::GeneAnno::PSLtoBED",
      "main_func" : "PSLtoBED"
   },
   "mut_fa" : {
      "mode_NO" : 6,
      "descp" : "get FASTA file of given mutations",
      "_group" : "FASTA",
      "_comments" : "get FASTA file of given mutations",
      "module" : "BioFuse::BioInfo::FASTA::GetMutFA",
      "main_func" : "GetMutFasta"
   },
   "bam_qc" : {
      "mode_NO" : 7,
      "descp" : "get QC report of given bam",
      "_group" : "Alignment",
      "_comments" : "get QC report of given bam, for WGS or WXS",
      "module" : "BioFuse::BioInfo::Alignment::BamQC",
      "main_func" : "BamQC"
   },
   "prot_dom" : {
      "mode_NO" : 8,
      "descp" : "fetch domain information from online database",
      "_group" : "GeneAnno",
      "_comments" : "fetch domain information from database (NCBIgene/Ensembl)",
      "module" : "BioFuse::BioInfo::GeneAnno::GetProtDomain",
      "main_func" : "GetProtDomain"
   }
}
